left,right
-0.9986899794913624,0.4391531148462662
1.64434784255076e-07,0.8129906649924842
1.4762872966950008e-07,1.3511912216437614
8.633259045000006e-07,2.0196182285237283
5.0486895000000035e-06,2.7338924939468057
2.952450000000002e-05,3.400763128915402
0.0003280500000000002,3.9765419657922494
0.0036450000000000007,4.488907343827689
0.10975499999999999,5.0
0.0,0.0
